{"count":1,"self":3117.7746432,"total":4255.1862009999995,"children":{"InitializeActuators":{"count":1,"self":0.0020031,"total":0.0020031,"children":null},"InitializeSensors":{"count":1,"self":0.0035299999999999997,"total":0.0035299999999999997,"children":null},"AgentSendState":{"count":5541969,"self":11.0137472,"total":17.831063,"children":{"CollectObservations":{"count":110840,"self":2.0170668,"total":2.0170668,"children":null},"WriteActionMask":{"count":110840,"self":0.145751,"total":0.145751,"children":null},"RequestDecision":{"count":110840,"self":0.7618188,"total":4.6544982,"children":{"AgentInfo.ToProto":{"count":110840,"self":0.84031669999999992,"total":3.8926794,"children":{"GenerateSensorData":{"count":110840,"self":3.0523628,"total":3.0523626999999998,"children":null}}}}}}},"DecideAction":{"count":5541969,"self":1098.5803776,"total":1098.5803637,"children":null},"AgentAct":{"count":5541969,"self":20.9357856,"total":20.9646173,"children":{"AgentInfo.ToProto":{"count":857,"self":0.0025686,"total":0.028831,"children":{"GenerateSensorData":{"count":857,"self":0.026262399999999998,"total":0.026262399999999998,"children":null}}}}},"AgentInfo.ToProto":{"count":1227,"self":0.010207599999999999,"total":0.0290249,"children":{"GenerateSensorData":{"count":1227,"self":0.0188173,"total":0.0188173,"children":null}}}},"gauges":{"UnitBehaviour.CumulativeReward":{"count":2084,"max":33.6940155,"min":-7.59399843,"runningAverage":10.1987782,"value":17.378,"weightedAverage":11.9409466}},"metadata":{"timer_format_version":"0.1.0","start_time_seconds":"1746093811","unity_version":"6000.0.25f1","command_line_arguments":"C:\\Program Files\\Unity\\Hub\\Editor\\6000.0.25f1\\Editor\\Unity.exe -projectpath D:\\Media\\Documents\\CS-Project\\LowPolyBlitz -useHub -hubIPC -cloudEnvironment production","communication_protocol_version":"1.5.0","com.unity.ml-agents_version":"3.0.0","scene_name":"SampleScene","end_time_seconds":"1746098066"}}